{
    "confusion_matrix": [
        [
            976,
            0,
            1,
            0,
            0,
            0,
            1,
            1,
            0,
            1
        ],
        [
            1,
            1126,
            2,
            2,
            0,
            0,
            0,
            2,
            2,
            0
        ],
        [
            3,
            0,
            1024,
            0,
            0,
            0,
            0,
            5,
            0,
            0
        ],
        [
            0,
            0,
            0,
            1006,
            0,
            2,
            0,
            1,
            0,
            1
        ],
        [
            0,
            0,
            0,
            0,
            979,
            0,
            0,
            0,
            0,
            3
        ],
        [
            1,
            0,
            0,
            6,
            0,
            881,
            1,
            1,
            0,
            2
        ],
        [
            8,
            3,
            0,
            0,
            1,
            2,
            940,
            0,
            3,
            1
        ],
        [
            0,
            1,
            5,
            0,
            0,
            0,
            0,
            1021,
            0,
            1
        ],
        [
            3,
            0,
            2,
            1,
            1,
            1,
            0,
            0,
            966,
            0
        ],
        [
            0,
            0,
            0,
            0,
            10,
            1,
            0,
            3,
            1,
            994
        ]
    ],
    "metrics": {
        "precision": 0.9913289966326689,
        "recall": 0.9913,
        "f1_score": 0.991298349495004,
        "classification_report": "              precision    recall  f1-score   support\n\n           0       0.98      1.00      0.99       980\n           1       1.00      0.99      0.99      1135\n           2       0.99      0.99      0.99      1032\n           3       0.99      1.00      0.99      1010\n           4       0.99      1.00      0.99       982\n           5       0.99      0.99      0.99       892\n           6       1.00      0.98      0.99       958\n           7       0.99      0.99      0.99      1028\n           8       0.99      0.99      0.99       974\n           9       0.99      0.99      0.99      1009\n\n    accuracy                           0.99     10000\n   macro avg       0.99      0.99      0.99     10000\nweighted avg       0.99      0.99      0.99     10000\n"
    },
    "accuracy": 99.13
}